{"epoch":2,"_runtime":14360.768885193,"batch":11100,"_wandb":{"runtime":14363},"validation_loss":71677.56098937988,"learning_rate":0.03301651895826031,"loss":NaN,"_step":11104,"_timestamp":1.7284223022845066e+09}