{"_wandb":{"runtime":14735},"_step":12704,"loss":NaN,"validation_loss":120453.82675170898,"_runtime":14732.904584212,"batch":12700,"_timestamp":1.7284233279030697e+09,"learning_rate":0.03146577385298474,"epoch":2}